sequence,frames,raw_ate_se3_m,graph_ate_se3_m,raw_translation_percent,graph_translation_percent,raw_rotation_deg_per_m,graph_rotation_deg_per_m,verified_loops,lost_pairs,pipeline
00,4541,20.60974312578118,1.93456353547306,2.147325352839961,1.079290196257826,0.009378108930692379,0.005556503902710421,30,0,Retained stereo VO baseline with offline pose graph correction
01,1101,72.2928066122925,72.2928066122925,9.573847327871757,9.573847327871757,0.013374516824424084,0.013374516824424084,0,23,Retained stereo VO baseline with offline pose graph correction
02,4661,34.1130990243622,8.180546277268444,2.081022393569908,1.4579125475898,0.00801018279120096,0.005998298086561539,9,0,Retained stereo VO baseline with offline pose graph correction
03,801,2.3271327269247837,2.3271327269247837,1.704861364488081,1.704861364488081,0.007540841762900646,0.007540841762900646,0,0,Retained stereo VO baseline with offline pose graph correction
04,271,1.763174459376455,1.763174459376455,1.6825951116344522,1.6825951116344522,0.011001293391172786,0.011001293391172786,0,0,Retained stereo VO baseline with offline pose graph correction
05,2761,9.55522019972666,2.037878767425778,1.7505974269172477,0.973270682732997,0.008579357538517785,0.0047482610272372595,11,0,Retained stereo VO baseline with offline pose graph correction
06,1101,2.8151493972538555,2.152493732935024,1.6215317613634477,1.3125426796804815,0.008480689630255053,0.004620951377153467,7,0,Retained stereo VO baseline with offline pose graph correction
07,1101,3.913393925906852,0.6101826469521681,1.9764894868982206,0.868008084049966,0.013474659059376516,0.00666655548407597,2,0,Retained stereo VO baseline with offline pose graph correction
08,4071,10.119793930060144,10.119793930060144,1.8609278349229772,1.8609278349229772,0.007658732345349873,0.007658732345349873,0,0,Retained stereo VO baseline with offline pose graph correction
09,1591,5.133404472802529,3.629869100073525,1.705222609476966,1.825164012697855,0.007053135881351604,0.006487444721397264,2,0,Retained stereo VO baseline with offline pose graph correction
10,1201,2.5639068371801974,2.5639068371801974,1.3676591126710806,1.3676591126710806,0.0074708584175096964,0.0074708584175096964,0,0,Retained stereo VO baseline with offline pose graph correction
