sequence,sensor,expected_frames,status,frames,ate_m,alignment,alignment_scale,translation_percent,lost_frames,verified_loops,source_fingerprint
00,stereo,4541,complete,4541,8.954447260637213,se3,1.0,1.530542720056539,0,15,1a4dc1f05fe6db12436018426fd4b4c70b05901c09851a1c7efec960efc418ab
00,mono,4541,complete,4541,119.22668570642558,sim3,1.3214127420031805,,1131,0,1a4dc1f05fe6db12436018426fd4b4c70b05901c09851a1c7efec960efc418ab
01,stereo,1101,complete,1101,87.7558719354425,se3,1.0,10.900553756653549,30,0,1a4dc1f05fe6db12436018426fd4b4c70b05901c09851a1c7efec960efc418ab
01,mono,1101,complete,1101,536.0968170076602,sim3,21.61879075083522,,879,0,1a4dc1f05fe6db12436018426fd4b4c70b05901c09851a1c7efec960efc418ab
02,stereo,4661,failed,,,se3,,,,,1a4dc1f05fe6db12436018426fd4b4c70b05901c09851a1c7efec960efc418ab
02,mono,4661,failed,,,sim3,,,,,1a4dc1f05fe6db12436018426fd4b4c70b05901c09851a1c7efec960efc418ab
03,stereo,801,complete,801,2.4271279488442206,se3,1.0,1.4219248488173444,0,0,1a4dc1f05fe6db12436018426fd4b4c70b05901c09851a1c7efec960efc418ab
03,mono,801,interrupted_user_pause,,,sim3,,,,,1a4dc1f05fe6db12436018426fd4b4c70b05901c09851a1c7efec960efc418ab
04,stereo,271,complete,271,0.763740956990857,se3,1.0,1.0047352980528859,0,0,1a4dc1f05fe6db12436018426fd4b4c70b05901c09851a1c7efec960efc418ab
04,mono,271,complete,271,0.4151299230121963,sim3,4.032602337115786,,0,0,1a4dc1f05fe6db12436018426fd4b4c70b05901c09851a1c7efec960efc418ab
05,stereo,2761,queued,,,se3,,,,,1a4dc1f05fe6db12436018426fd4b4c70b05901c09851a1c7efec960efc418ab
05,mono,2761,queued,,,sim3,,,,,1a4dc1f05fe6db12436018426fd4b4c70b05901c09851a1c7efec960efc418ab
06,stereo,1101,queued,,,se3,,,,,1a4dc1f05fe6db12436018426fd4b4c70b05901c09851a1c7efec960efc418ab
06,mono,1101,queued,,,sim3,,,,,1a4dc1f05fe6db12436018426fd4b4c70b05901c09851a1c7efec960efc418ab
07,stereo,1101,failed,,,se3,,,,,1a4dc1f05fe6db12436018426fd4b4c70b05901c09851a1c7efec960efc418ab
07,mono,1101,failed,,,sim3,,,,,1a4dc1f05fe6db12436018426fd4b4c70b05901c09851a1c7efec960efc418ab
08,stereo,4071,queued,,,se3,,,,,1a4dc1f05fe6db12436018426fd4b4c70b05901c09851a1c7efec960efc418ab
08,mono,4071,queued,,,sim3,,,,,1a4dc1f05fe6db12436018426fd4b4c70b05901c09851a1c7efec960efc418ab
09,stereo,1591,queued,,,se3,,,,,1a4dc1f05fe6db12436018426fd4b4c70b05901c09851a1c7efec960efc418ab
09,mono,1591,queued,,,sim3,,,,,1a4dc1f05fe6db12436018426fd4b4c70b05901c09851a1c7efec960efc418ab
10,stereo,1201,queued,,,se3,,,,,1a4dc1f05fe6db12436018426fd4b4c70b05901c09851a1c7efec960efc418ab
10,mono,1201,queued,,,sim3,,,,,1a4dc1f05fe6db12436018426fd4b4c70b05901c09851a1c7efec960efc418ab
