case,backend,stage,frames,baseline_s,elapsed_s,speedup,fps,median_frame_ms,p95_frame_ms,baseline_median_frame_ms,baseline_p95_frame_ms,input_loading_s,export_s,estimator_setup_s,estimator_setup_ram_mb,baseline_ram_mb,peak_ram_mb,ram_change_percent,torch_peak_vram_mb,torch_reserved_vram_mb,ate_m,baseline_ate_m,translation_percent,rotation_deg_per_m,lost_frames,lost_intervals,baseline_lost_frames,relocalized_frames,loops,quality_passed
04-stereo,cpu,initial,271,277.1262987999944,261.94816620000347,1.0579432672508273,1.034555820456041,894.8094000079436,1576.35649999429,887.3810000077356,1974.9632500024745,3.7514326999953482,3.374727199989138,0.0006834999949205667,,342.08203125,341.12890625,-0.2786246902584111,0.0,0.0,0.763740956990857,0.763740956990857,1.0047352980528859,0.008310891837218701,0,0,0,0,0,True
04-stereo,cuda,initial,271,277.1262987999944,186.53607490001014,1.4856445271969179,1.4528020928137653,585.833699995419,1352.1773999964353,887.3810000077356,1974.9632500024745,3.674220899978536,2.596919000003254,8.717580600001384,,342.08203125,1017.88671875,197.55632443789756,30.564453125,44.0,0.763740956990857,0.763740956990857,1.0047352980528859,0.008310891837218701,0,0,0,0,0,True
04-stereo,cuda,final,271,277.1262987999944,157.21747740000137,1.762693966237064,1.7237269321559388,498.57239999982994,1120.8461500064004,887.3810000077356,1974.9632500024745,3.498046400025487,2.392288400005782,2.9386041999969166,581.1796875,342.08203125,1041.7421875,204.52993502563578,30.564453125,44.0,0.763740956990857,0.763740956990857,1.0047352980528859,0.008310891837218701,0,0,0,0,0,True
04-mono,cpu,initial,271,160.75532509999175,161.8193997000053,0.9934243075800168,1.6747064968872896,305.9141000121599,1751.741200001561,289.09140000178013,1825.9810500021558,1.6745749998808606,2.007767800008878,0.0005492000054800883,,331.68359375,291.8203125,-12.018466394224536,0.0,0.0,0.4151299230121963,0.4151299230121963,,,0,0,0,0,0,True
04-mono,cpu,final,271,160.75532509999175,137.42906660000153,1.1697330781404722,1.9719263668490707,260.3396999911638,1464.6999500037055,289.09140000178013,1825.9810500021558,1.4977297999284929,1.7264559000032023,0.0011622000019997358,108.80078125,331.68359375,292.5625,-11.794702688697578,0.0,0.0,0.4151299230121963,0.4151299230121963,,,0,0,0,0,0,True
01-stereo,cpu,initial,300,309.6117763999937,291.2908824999904,1.0628955281496113,1.0298983525514565,762.9507999954512,1634.6716400010346,766.3623499975074,2161.5764900037907,3.5029514999041567,4.929870700012543,0.001582199998665601,,467.5546875,502.67578125,7.5116547195348105,0.0,0.0,14.401911628449056,14.401911628449056,6.983860221907475,0.009184506085931432,2,1,2,1,0,True
01-stereo,cuda,initial,300,309.6117763999937,209.35882819999824,1.4788570372787189,1.4329464994588774,473.76045000419253,1323.6852549933246,766.3623499975074,2161.5764900037907,3.46353970002383,4.85392850000062,4.841678999990108,581.30859375,467.5546875,1212.40234375,159.3070663525323,30.5634765625,46.0,14.401911628449056,14.401911628449056,6.983860221907475,0.009184506085931432,2,1,2,1,0,True
01-stereo,cuda,final,300,309.6117763999937,207.02998149998893,1.49549246035174,1.449065482334577,513.8533499994082,1405.5545250026628,766.3623499975074,2161.5764900037907,3.4369984000659315,5.819185200001812,3.2578705999912927,581.04296875,467.5546875,1213.12109375,159.46079168546459,30.5634765625,44.0,14.401911628449056,14.401911628449056,6.983860221907475,0.009184506085931432,2,1,2,1,0,True
01-mono,cpu,initial,300,443.7668069999927,489.5636355000024,0.9064537780604632,0.6127906123860757,304.8375000071246,5571.253894999975,267.9419999985839,4933.414110011655,1.4115706000156933,1.5639773000002606,0.0008493000059388578,110.73046875,337.8203125,297.4296875,-11.956245230221318,0.0,0.0,43.91451239489878,43.91451239489878,,,78,2,78,1,0,True
01-mono,cpu,final,300,443.7668069999927,462.06964650000737,0.9603894355782697,0.6492527744948839,334.91795000009006,4679.506650000258,267.9419999985839,4933.414110011655,1.8128104001370957,1.6290950999973575,0.0010387999936938286,110.45703125,337.8203125,298.18359375,-11.733077403390302,0.0,0.0,43.91451239489878,43.91451239489878,,,78,2,78,1,0,True
tum-desk,cpu,initial,300,369.59430019999854,457.8467546999891,0.8072445559697823,0.6552410755790536,505.3194500069367,5390.82672500008,851.4316499931738,3776.756740007841,3.543023799895309,2.141511800000444,0.003464299996267073,108.6640625,254.671875,235.37109375,-7.578685808945329,0.0,0.0,0.7993404642374993,0.7993404642374993,,,105,2,105,2,0,True
tum-desk,cpu,final,300,369.59430019999854,310.4067573999928,1.190677365711263,0.966473805251016,579.7118999980739,3140.592684992589,851.4316499931738,3776.756740007841,3.6465974001330324,1.7646323999942979,0.0007339000003412366,108.546875,254.671875,232.890625,-8.552671943063995,0.0,0.0,0.7993404642374993,0.7993404642374993,,,105,2,105,2,0,True
01-full-stereo,cuda,promoted,1101,4248.470292600003,1259.7177651999955,3.3725572584312222,0.8740052973891361,757.05200000084,2991.7180000047665,,,13.43157220017747,24.54623819999688,5.122689900003024,583.3046875,1461.8828125,2023.59765625,38.424067849145736,30.5634765625,44.0,87.7558719354425,87.7558719354425,10.900553756653549,0.013247829007860637,30,2,30,2,0,True
